"Path","Platform","Compiled","Cooked","Permutations","Compiletime","CompiledDouble","CookedDouble"
"/Engine/EngineMaterials/DefaultTextMaterialOpaque.DefaultTextMaterialOpaque","0","0","38","1","0.000000","0","0"
"/Engine/EngineMaterials/WorldGridMaterial.WorldGridMaterial","0","0","904","1","0.000000","0","0"
"/Engine/EngineMaterials/DefaultDeferredDecalMaterial.DefaultDeferredDecalMaterial","0","0","148","1","0.000000","0","0"
"/Engine/EngineMaterials/DefaultLightFunctionMaterial.DefaultLightFunctionMaterial","0","0","20","1","0.000000","0","0"
"/Engine/EngineMaterials/DefaultPostProcessMaterial.DefaultPostProcessMaterial","0","0","10","1","0.000000","0","0"
"/Engine/EngineMaterials/BaseFlattenMaterial.BaseFlattenMaterial","0","0","51","1","0.000000","0","0"
"/Engine/VREditor/TransformGizmo/Main.Main","0","0","10","1","0.000000","0","0"
"/Engine/VREditor/TransformGizmo/Xray.Xray","0","0","15","1","0.000000","0","0"
"/Engine/EngineMaterials/Widget3DPassThrough.Widget3DPassThrough","0","0","86","6","0.000000","0","0"
"/Game/FirstPerson/Character/Materials/M_UE4Man_Body.M_UE4Man_Body","0","0","104","1","0.000000","0","0"
"/Engine/VREditor/TransformGizmo/TransformGizmoMaterial.TransformGizmoMaterial","0","0","4","1","0.000000","0","0"
"/Engine/VREditor/TransformGizmo/TranslucentTransformGizmoMaterial.TranslucentTransformGizmoMaterial","0","0","10","1","0.000000","0","0"
"/Engine/EngineDebugMaterials/WireframeMaterial.WireframeMaterial","0","0","623","1","0.000000","0","0"
"/Engine/EditorMaterials/Camera/CineMat.CineMat","0","0","27","1","0.000000","0","0"
"/Engine/EditorMaterials/PreviewShadowIndicatorMaterial.PreviewShadowIndicatorMaterial","0","0","20","1","0.000000","0","0"
"/Engine/EngineDebugMaterials/M_SimpleUnlitTranslucent.M_SimpleUnlitTranslucent","0","0","10","1","0.000000","0","0"
"/Paper2D/DefaultSpriteMaterial.DefaultSpriteMaterial","0","0","66","2","0.000000","0","0"
"/Engine/EngineMaterials/DefaultMaterial.DefaultMaterial","0","0","128","1","0.000000","0","0"
"/Engine/EngineDebugMaterials/M_VolumeRenderSphereTracePP.M_VolumeRenderSphereTracePP","0","0","6","1","0.000000","0","0"
"/OculusVR/Materials/OculusMR_WhiteMaterial.OculusMR_WhiteMaterial","0","0","10","1","0.000000","0","0"
"/Engine/EngineDebugMaterials/DebugEditorMaterial.DebugEditorMaterial","0","0","10","1","0.000000","0","0"
"/OculusVR/Materials/OculusMR_ChromaKey.OculusMR_ChromaKey","0","0","10","1","0.000000","0","0"
"/OculusVR/Materials/OculusMR_ChromaKey_Lit.OculusMR_ChromaKey_Lit","0","0","31","1","0.000000","0","0"
"/OculusVR/Materials/OculusMR_OpaqueColoredMaterial.OculusMR_OpaqueColoredMaterial","0","0","4","1","0.000000","0","0"
"/Engine/EngineMaterials/RemoveSurfaceMaterial.RemoveSurfaceMaterial","0","0","4","1","0.000000","0","0"
"/Engine/EngineDebugMaterials/DebugMeshMaterial.DebugMeshMaterial","0","0","12","1","0.000000","0","0"
"/Engine/EngineMaterials/EmissiveMeshMaterial.EmissiveMeshMaterial","0","0","12","1","0.000000","0","0"
"/Engine/EngineMaterials/M_InvalidLightmapSettings.M_InvalidLightmapSettings","0","0","29","1","0.000000","0","0"
"/Engine/EngineMaterials/GizmoMaterial.GizmoMaterial","0","0","10","1","0.000000","0","0"
"/Engine/EngineMaterials/PhAT_JointLimitMaterial.PhAT_JointLimitMaterial","0","0","20","1","0.000000","0","0"
"/Game/untitled_category/untitled_asset/Material_008.Material_008","0","0","24","1","0.000000","0","0"
"/Game/untitled_category/untitled_asset/Material_007.Material_007","0","0","15","1","0.000000","0","0"
"/Game/untitled_category/untitled_asset/Material_006.Material_006","0","0","15","1","0.000000","0","0"
"/Game/FirstPerson/Meshes/BaseMaterial.BaseMaterial","0","0","48","1","0.000000","0","0"
"/Game/StarterContent/Materials/WhiteFabric.WhiteFabric","0","0","30","1","0.000000","0","0"
"/Game/FirstPersonBP/My_Assets/Materials/concrete_rough_uhroebug/uhroebug_4K_Albedo_1_Mat.uhroebug_4K_Albedo_1_Mat","0","0","24","1","0.000000","0","0"
"/Game/FirstPersonBP/My_Assets/Materials/asphalt_rough_ufoidcskw/ufoidcskw_4K_Albedo_Mat.ufoidcskw_4K_Albedo_Mat","0","0","24","1","0.000000","0","0"
"/Game/FirstPerson/FPWeapon/Materials/M_FPGun.M_FPGun","0","0","104","1","0.000000","0","0"
"/Game/FirstPersonBP/My_Assets/Materials/MiniMat.MiniMat","0","0","15","1","0.000000","0","0"
"/Game/untitled_category/untitled_asset/Material_009.Material_009","0","0","15","1","0.000000","0","0"
"/Game/untitled_category/untitled_asset/Material_002.Material_002","0","0","15","1","0.000000","0","0"
"/Game/untitled_category/untitled_asset/Material_001.Material_001","0","0","15","1","0.000000","0","0"
"/Game/untitled_category/untitled_asset/Material_023.Material_023","0","0","15","1","0.000000","0","0"
"/Game/untitled_category/untitled_asset/Material_022.Material_022","0","0","15","1","0.000000","0","0"
"/Game/untitled_category/untitled_asset/Material_021.Material_021","0","0","15","1","0.000000","0","0"
"/Game/untitled_category/untitled_asset/Material_003.Material_003","0","0","15","1","0.000000","0","0"
"/Game/StarterContent/Materials/Text_4.Text_4","0","0","149","1","0.000000","0","0"
"/Game/Geometry/Meshes/CubeMaterial.CubeMaterial","0","0","24","1","0.000000","0","0"
"/Game/StarterContent/Materials/Text_3.Text_3","0","0","149","1","0.000000","0","0"
"/Game/StarterContent/Materials/Text_2.Text_2","0","0","149","1","0.000000","0","0"
"/Game/StarterContent/Materials/Text_1.Text_1","0","0","149","1","0.000000","0","0"
"/Game/StarterContent/Materials/RedBlue.RedBlue","0","0","149","1","0.000000","0","0"
"/Game/StarterContent/Materials/M_Metal_Gold.M_Metal_Gold","0","0","24","1","0.000000","0","0"
"/Game/StarterContent/Materials/M_Basic_Wall.M_Basic_Wall","0","0","24","1","0.000000","0","0"
"/Game/StarterContent/Materials/M_Metal_Copper.M_Metal_Copper","0","0","24","1","0.000000","0","0"
"/Game/StarterContent/Materials/M_Metal_Chrome.M_Metal_Chrome","0","0","24","1","0.000000","0","0"
"/Game/StarterContent/Materials/M_Metal_Burnished_Steel.M_Metal_Burnished_Steel","0","0","24","1","0.000000","0","0"
"/Game/StarterContent/Materials/M_Concrete_Poured.M_Concrete_Poured","0","0","24","1","0.000000","0","0"
"/Game/StarterContent/Materials/M_Basic_Wall1.M_Basic_Wall1","0","0","30","1","0.000000","0","0"
"/Game/StarterContent/Materials/M_Basic_Floor.M_Basic_Floor","0","0","24","1","0.000000","0","0"
"/Game/StarterContent/Materials/Glass_red.Glass_red","0","0","45","1","0.000000","0","0"
"/Game/StarterContent/Materials/Glass_blue.Glass_blue","0","0","45","1","0.000000","0","0"
"/Game/StarterContent/Materials/Fabric.Fabric","0","0","30","1","0.000000","0","0"
"/Game/StarterContent/Materials/Emission.Emission","0","0","24","1","0.000000","0","0"
"/Game/StarterContent/Materials/Black.Black","0","0","24","1","0.000000","0","0"
"/Game/FirstPersonBP/My_Assets/Materials/Light.Light","0","0","24","1","0.000000","0","0"
"/Engine/EngineMaterials/AntiAliasedTextMaterialTranslucent.AntiAliasedTextMaterialTranslucent","0","0","33","1","0.000000","0","0"
"/Engine/BasicShapes/BasicShapeMaterial.BasicShapeMaterial","0","0","68","1","0.000000","0","0"
"/Game/FeatureTestBP/Blueprints/Portal2_view_Mat.Portal2_view_Mat","0","0","4","1","0.000000","0","0"
"/Game/StarterContent/Props/Materials/M_Frame.M_Frame","0","0","24","1","0.000000","0","0"
"/Game/FeatureTestBP/Blueprints/Portal1_viiew_Mat.Portal1_viiew_Mat","0","0","4","1","0.000000","0","0"
"/Engine/EngineSky/M_Sky_Panning_Clouds2.M_Sky_Panning_Clouds2","0","0","4","1","0.000000","0","0"
"/Game/FirstPersonBP/My_Assets/Materials/concrete_rough_ugzocfbo/ugzocfbo_4K_Albedo_Mat.ugzocfbo_4K_Albedo_Mat","0","0","24","1","0.000000","0","0"
"/Game/FirstPersonBP/My_Assets/Materials/metal.metal","0","0","24","1","0.000000","0","0"
"/Game/FirstPersonBP/My_Assets/Materials/pinkNeon.pinkNeon","0","0","24","1","0.000000","0","0"
"/Game/FirstPersonBP/My_Assets/Materials/pinkNeon1.pinkNeon1","0","0","24","1","0.000000","0","0"
"/Game/StarterContent/Materials/Text_5.Text_5","0","0","149","1","0.000000","0","0"
"/Game/FirstPersonBP/My_Assets/Materials/building.building","0","0","15","1","0.000000","0","0"
"/Game/FirstPersonBP/My_Assets/Materials/window_001.window_001","0","0","24","1","0.000000","0","0"
"/Game/FirstPersonBP/My_Assets/Materials/Material_001.Material_001","0","0","24","1","0.000000","0","0"
"/Game/FirstPersonBP/My_Assets/Materials/Material.Material","0","0","15","1","0.000000","0","0"
